{
    "metrics": {
        "http_req_waiting": {
            "med": 242.484124,
            "max": 597.620685,
            "p(90)": 352.931232,
            "p(95)": 459.604846,
            "avg": 273.72533198134363,
            "min": 189.735339
        },
        "http_req_failed": {
            "passes": 0,
            "fails": 536,
            "value": 0
        },
        "data_received": {
            "count": 3617468,
            "rate": 354876.2819406083
        },
        "iteration_duration": {
            "avg": 378.26926269029804,
            "min": 291.834301,
            "med": 348.69261500000005,
            "max": 701.643177,
            "p(90)": 455.432545,
            "p(95)": 576.604881
        },
        "http_reqs": {
            "count": 536,
            "rate": 52.58199578273147
        },
        "http_req_tls_handshaking": {
            "avg": 0,
            "min": 0,
            "med": 0,
            "max": 0,
            "p(90)": 0,
            "p(95)": 0
        },
        "http_req_receiving": {
            "avg": 0.6806150895522389,
            "min": 0.055551,
            "med": 0.39617899999999995,
            "max": 7.1409,
            "p(90)": 1.291879,
            "p(95)": 1.93498425
        },
        "article_hot_page_duration": {
            "p(95)": 463.96632775,
            "avg": 274.4464531623134,
            "min": 189.932311,
            "med": 243.02076699999998,
            "max": 599.441596,
            "p(90)": 353.470992
        },
        "http_req_sending": {
            "avg": 0.040506091417910464,
            "min": 0.010117,
            "med": 0.0276755,
            "max": 1.232204,
            "p(90)": 0.06955800000000001,
            "p(95)": 0.0845715
        },
        "vus": {
            "value": 20,
            "min": 20,
            "max": 20
        },
        "http_req_duration{expected_response:true}": {
            "p(95)": 463.96632775,
            "avg": 274.4464531623134,
            "min": 189.932311,
            "med": 243.02076699999998,
            "max": 599.441596,
            "p(90)": 353.470992
        },
        "article_hot_page_success_rate": {
            "passes": 536,
            "fails": 0,
            "value": 1
        },
        "vus_max": {
            "min": 20,
            "max": 20,
            "value": 20
        },
        "http_req_connecting": {
            "avg": 0.4807214720149253,
            "min": 0,
            "med": 0,
            "max": 23.285292,
            "p(90)": 0,
            "p(95)": 0
        },
        "data_sent": {
            "count": 64004,
            "rate": 6278.839660593181
        },
        "checks": {
            "fails": 0,
            "passes": 536,
            "value": 1
        },
        "iterations": {
            "count": 536,
            "rate": 52.58199578273147
        },
        "http_req_duration": {
            "med": 243.02076699999998,
            "max": 599.441596,
            "p(90)": 353.470992,
            "p(95)": 463.96632775,
            "avg": 274.4464531623134,
            "min": 189.932311
        },
        "http_req_blocked": {
            "avg": 0.5014322033582093,
            "min": 0.004119,
            "med": 0.00878,
            "max": 23.858326,
            "p(90)": 0.011442500000000001,
            "p(95)": 0.01486475
        }
    },
    "root_group": {
        "name": "",
        "path": "",
        "id": "d41d8cd98f00b204e9800998ecf8427e",
        "groups": {},
        "checks": {
                "article hot page ok": {
                    "fails": 0,
                    "name": "article hot page ok",
                    "path": "::article hot page ok",
                    "id": "ed05abf59b8ccb389660a23ed86e36d4",
                    "passes": 536
                }
            }
    }
}