{
    "root_group": {
        "name": "",
        "path": "",
        "id": "d41d8cd98f00b204e9800998ecf8427e",
        "groups": {},
        "checks": {
                "article normal page ok": {
                    "passes": 585,
                    "fails": 0,
                    "name": "article normal page ok",
                    "path": "::article normal page ok",
                    "id": "1b2b45960e6fceefc7f82836dd55d71a"
                }
            }
    },
    "metrics": {
        "vus": {
            "value": 20,
            "min": 20,
            "max": 20
        },
        "http_req_duration": {
            "min": 74.499436,
            "med": 254.060032,
            "max": 447.38147,
            "p(90)": 336.753622,
            "p(95)": 353.36368859999993,
            "avg": 243.30137159658102
        },
        "http_req_receiving": {
            "avg": 4.9812759777777815,
            "min": 0.062027,
            "med": 4.29972,
            "max": 54.641462,
            "p(90)": 10.5273732,
            "p(95)": 11.711999199999996
        },
        "http_req_failed": {
            "passes": 0,
            "fails": 585,
            "value": 0
        },
        "article_normal_page_duration": {
            "p(95)": 353.36368859999993,
            "avg": 243.30137159658102,
            "min": 74.499436,
            "med": 254.060032,
            "max": 447.38147,
            "p(90)": 336.753622
        },
        "http_req_duration{expected_response:true}": {
            "med": 254.060032,
            "max": 447.38147,
            "p(90)": 336.753622,
            "p(95)": 353.36368859999993,
            "avg": 243.30137159658102,
            "min": 74.499436
        },
        "http_req_waiting": {
            "p(95)": 343.2618816,
            "avg": 238.25861463418806,
            "min": 74.080178,
            "med": 247.611287,
            "max": 446.251797,
            "p(90)": 330.131416
        },
        "http_reqs": {
            "count": 585,
            "rate": 57.55500614408102
        },
        "vus_max": {
            "value": 20,
            "min": 20,
            "max": 20
        },
        "http_req_blocked": {
            "med": 0.007042,
            "max": 20.619881,
            "p(90)": 0.010934600000000001,
            "p(95)": 0.013872799999999977,
            "avg": 0.3331565008547008,
            "min": 0.002994
        },
        "data_sent": {
            "count": 77445,
            "rate": 7619.397351843341
        },
        "checks": {
            "fails": 0,
            "passes": 585,
            "value": 1
        },
        "iterations": {
            "rate": 57.55500614408102,
            "count": 585
        },
        "http_req_connecting": {
            "avg": 0.30237165470085464,
            "min": 0,
            "med": 0,
            "max": 19.915865,
            "p(90)": 0,
            "p(95)": 0
        },
        "http_req_sending": {
            "p(90)": 0.05323700000000002,
            "p(95)": 0.08067959999999998,
            "avg": 0.0614809846153846,
            "min": 0.008168,
            "med": 0.020596,
            "max": 8.995674
        },
        "article_normal_page_success_rate": {
            "passes": 585,
            "fails": 0,
            "value": 1
        },
        "iteration_duration": {
            "avg": 345.8522868461543,
            "min": 175.603993,
            "med": 356.383983,
            "max": 562.101659,
            "p(90)": 438.34142740000004,
            "p(95)": 456.91822319999994
        },
        "http_req_tls_handshaking": {
            "p(95)": 0,
            "avg": 0,
            "min": 0,
            "med": 0,
            "max": 0,
            "p(90)": 0
        },
        "data_received": {
            "count": 3936575,
            "rate": 387298.4586523688
        }
    }
}