{
    "root_group": {
        "id": "d41d8cd98f00b204e9800998ecf8427e",
        "groups": {},
        "checks": {
                "article hot page ok": {
                    "fails": 0,
                    "name": "article hot page ok",
                    "path": "::article hot page ok",
                    "id": "ed05abf59b8ccb389660a23ed86e36d4",
                    "passes": 1396
                }
            },
        "name": "",
        "path": ""
    },
    "metrics": {
        "http_reqs": {
            "count": 1396,
            "rate": 138.01740489107897
        },
        "http_req_tls_handshaking": {
            "avg": 0,
            "min": 0,
            "med": 0,
            "max": 0,
            "p(90)": 0,
            "p(95)": 0
        },
        "http_req_connecting": {
            "p(90)": 0,
            "p(95)": 0,
            "avg": 0.24641743624641835,
            "min": 0,
            "med": 0,
            "max": 37.851593
        },
        "vus": {
            "min": 20,
            "max": 20,
            "value": 20
        },
        "http_req_blocked": {
            "max": 39.1418,
            "p(90)": 0.0116065,
            "p(95)": 0.01291775,
            "avg": 0.2999935265042981,
            "min": 0.002275,
            "med": 0.0087555
        },
        "http_req_receiving": {
            "min": 0.052623,
            "med": 1.0937510000000001,
            "max": 65.972927,
            "p(90)": 5.694592500000001,
            "p(95)": 9.87454625,
            "avg": 2.4701187277936976
        },
        "article_hot_page_success_rate": {
            "fails": 0,
            "passes": 1396,
            "value": 1
        },
        "data_received": {
            "count": 9426616,
            "rate": 931974.9836853319
        },
        "http_req_duration{expected_response:true}": {
            "avg": 41.46992843911168,
            "min": 14.107224,
            "med": 31.562804999999997,
            "max": 236.853152,
            "p(90)": 75.14584450000001,
            "p(95)": 98.494538
        },
        "article_hot_page_duration": {
            "med": 31.562804999999997,
            "max": 236.853152,
            "p(90)": 75.14584450000001,
            "p(95)": 98.494538,
            "avg": 41.46992843911168,
            "min": 14.107224
        },
        "checks": {
            "passes": 1396,
            "fails": 0,
            "value": 1
        },
        "iteration_duration": {
            "avg": 143.98608032521497,
            "min": 115.340954,
            "med": 133.69869849999998,
            "max": 338.529122,
            "p(90)": 176.9568185,
            "p(95)": 203.25759375
        },
        "vus_max": {
            "value": 20,
            "min": 20,
            "max": 20
        },
        "data_sent": {
            "count": 166800,
            "rate": 16490.904825094534
        },
        "http_req_duration": {
            "avg": 41.46992843911168,
            "min": 14.107224,
            "med": 31.562804999999997,
            "max": 236.853152,
            "p(90)": 75.14584450000001,
            "p(95)": 98.494538
        },
        "http_req_failed": {
            "passes": 0,
            "fails": 1396,
            "value": 0
        },
        "iterations": {
            "count": 1396,
            "rate": 138.01740489107897
        },
        "http_req_sending": {
            "max": 46.374564,
            "p(90)": 0.06889200000000001,
            "p(95)": 0.08477175,
            "avg": 0.0812088517191976,
            "min": 0.009522,
            "med": 0.0262275
        },
        "http_req_waiting": {
            "avg": 38.91860085959881,
            "min": 13.59145,
            "med": 29.8544635,
            "max": 206.743306,
            "p(90)": 68.764074,
            "p(95)": 92.99453725000001
        }
    }
}