{
    "metrics": {
        "data_sent": {
            "count": 302543,
            "rate": 58175.711064282645
        },
        "iteration_duration": {
            "p(90)": 270.6043194000001,
            "p(95)": 348.03497819999995,
            "avg": 243.41449670845196,
            "min": 211.301245,
            "med": 228.552161,
            "max": 447.340394
        },
        "http_req_duration": {
            "max": 168.902012,
            "p(90)": 69.34016820000001,
            "p(95)": 133.1159202,
            "avg": 38.85330974738841,
            "min": 10.43133,
            "med": 27.746304
        },
        "vus": {
            "value": 50,
            "min": 50,
            "max": 50
        },
        "http_req_tls_handshaking": {
            "min": 0,
            "med": 0,
            "max": 0,
            "p(90)": 0,
            "p(95)": 0,
            "avg": 0
        },
        "data_received": {
            "count": 671232,
            "rate": 129070.57472524756
        },
        "http_req_connecting": {
            "p(90)": 0,
            "p(95)": 0,
            "avg": 3.0984284197530867,
            "min": 0,
            "med": 0,
            "max": 105.995096
        },
        "http_reqs": {
            "rate": 202.48038708775158,
            "count": 1053
        },
        "http_req_receiving": {
            "max": 47.567155,
            "p(90)": 1.6251476000000007,
            "p(95)": 2.8340745999999992,
            "avg": 1.2617197084520424,
            "min": 0.028127,
            "med": 0.380819
        },
        "http_req_blocked": {
            "max": 113.406399,
            "p(90)": 0.009900400000000002,
            "p(95)": 0.05814099999999997,
            "avg": 3.4985668784425497,
            "min": 0.002385,
            "med": 0.006436
        },
        "http_req_sending": {
            "med": 0.018517,
            "max": 1.897588,
            "p(90)": 0.05741320000000001,
            "p(95)": 0.10017519999999996,
            "avg": 0.03491231813865152,
            "min": 0.006265
        },
        "auth_me_duration": {
            "avg": 45.455914368271955,
            "min": 11.518874,
            "med": 29.554263,
            "max": 168.902012,
            "p(90)": 125.76927440000001,
            "p(95)": 143.12058839999992
        },
        "auth_success_rate": {
            "passes": 1053,
            "fails": 0,
            "value": 1
        },
        "auth_activity_duration": {
            "avg": 42.886676920000056,
            "min": 13.591332,
            "med": 32.321667000000005,
            "max": 167.19013,
            "p(90)": 104.82338370000006,
            "p(95)": 140.46228695
        },
        "http_req_failed": {
            "passes": 0,
            "fails": 1053,
            "value": 0
        },
        "iterations": {
            "count": 1053,
            "rate": 202.48038708775158
        },
        "http_req_duration{expected_response:true}": {
            "max": 168.902012,
            "p(90)": 69.34016820000001,
            "p(95)": 133.1159202,
            "avg": 38.85330974738841,
            "min": 10.43133,
            "med": 27.746304
        },
        "checks": {
            "passes": 1053,
            "fails": 0,
            "value": 1
        },
        "vus_max": {
            "value": 50,
            "min": 50,
            "max": 50
        },
        "auth_context_duration": {
            "avg": 28.160744199999957,
            "min": 10.43133,
            "med": 21.381004500000003,
            "max": 75.035862,
            "p(90)": 52.144876700000005,
            "p(95)": 56.08664145
        },
        "http_req_waiting": {
            "avg": 37.5566777207977,
            "min": 9.606502,
            "med": 26.532622,
            "max": 168.074753,
            "p(90)": 62.23514540000001,
            "p(95)": 128.5325776
        }
    },
    "root_group": {
        "path": "",
        "id": "d41d8cd98f00b204e9800998ecf8427e",
        "groups": {},
        "checks": {
                "auth status is 200": {
                    "name": "auth status is 200",
                    "path": "::auth status is 200",
                    "id": "5e85dc41b14b53ce6dd5192eb86a5dfe",
                    "passes": 1053,
                    "fails": 0
                }
            },
        "name": ""
    }
}