{
    "root_group": {
        "name": "",
        "path": "",
        "id": "d41d8cd98f00b204e9800998ecf8427e",
        "groups": {},
        "checks": {
                "auth status is 200": {
                    "id": "5e85dc41b14b53ce6dd5192eb86a5dfe",
                    "passes": 2189,
                    "fails": 0,
                    "name": "auth status is 200",
                    "path": "::auth status is 200"
                }
            }
    },
    "metrics": {
        "http_req_failed": {
            "passes": 0,
            "fails": 2189,
            "value": 0
        },
        "http_req_blocked": {
            "min": 0.001883,
            "med": 0.00601,
            "max": 92.342954,
            "p(90)": 0.0095662,
            "p(95)": 0.044454999999999564,
            "avg": 2.369467629968025
        },
        "http_req_receiving": {
            "avg": 0.8611118072179083,
            "min": 0.028777,
            "med": 0.344269,
            "max": 45.692873,
            "p(90)": 1.1217894000000002,
            "p(95)": 1.6820369999999985
        },
        "auth_context_duration": {
            "avg": 21.250036622857138,
            "min": 9.556003,
            "med": 15.042707,
            "max": 62.707169,
            "p(90)": 43.7168244,
            "p(95)": 51.1167635
        },
        "checks": {
            "passes": 2189,
            "fails": 0,
            "value": 1
        },
        "data_sent": {
            "count": 628409,
            "rate": 120571.11508148052
        },
        "data_received": {
            "count": 1409531,
            "rate": 270442.8555477632
        },
        "http_req_sending": {
            "min": 0.005789,
            "med": 0.016573,
            "max": 19.182072,
            "p(90)": 0.047246,
            "p(95)": 0.08546739999999997,
            "avg": 0.07781541799908658
        },
        "http_req_waiting": {
            "max": 206.346978,
            "p(90)": 50.5156178,
            "p(95)": 65.33154419999998,
            "avg": 28.914693125628197,
            "min": 9.389676,
            "med": 19.650926
        },
        "auth_me_duration": {
            "p(95)": 172.81909859999996,
            "avg": 38.828838608365054,
            "min": 10.272893,
            "med": 20.170424,
            "max": 206.574092,
            "p(90)": 121.83196120000002
        },
        "iterations": {
            "count": 2189,
            "rate": 419.9974394277626
        },
        "iteration_duration": {
            "avg": 233.07510426952928,
            "min": 209.906628,
            "med": 221.103577,
            "max": 459.800687,
            "p(90)": 253.5833774,
            "p(95)": 267.0538726
        },
        "vus_max": {
            "value": 100,
            "min": 100,
            "max": 100
        },
        "http_req_duration": {
            "p(95)": 66.031792,
            "avg": 29.853620350845176,
            "min": 9.556003,
            "med": 20.355116,
            "max": 206.574092,
            "p(90)": 52.9033566
        },
        "http_req_connecting": {
            "avg": 1.654571078574691,
            "min": 0,
            "med": 0,
            "max": 79.294634,
            "p(90)": 0,
            "p(95)": 0
        },
        "auth_success_rate": {
            "passes": 2189,
            "fails": 0,
            "value": 1
        },
        "http_req_duration{expected_response:true}": {
            "p(95)": 66.031792,
            "avg": 29.853620350845176,
            "min": 9.556003,
            "med": 20.355116,
            "max": 206.574092,
            "p(90)": 52.9033566
        },
        "http_req_tls_handshaking": {
            "p(95)": 0,
            "avg": 0,
            "min": 0,
            "med": 0,
            "max": 0,
            "p(90)": 0
        },
        "http_reqs": {
            "count": 2189,
            "rate": 419.9974394277626
        },
        "vus": {
            "value": 100,
            "min": 100,
            "max": 100
        },
        "auth_activity_duration": {
            "p(90)": 52.65563910000001,
            "p(95)": 59.20000345,
            "avg": 28.340850928571427,
            "min": 13.409564,
            "med": 24.362984,
            "max": 67.753267
        }
    }
}