{
    "metrics": {
        "http_req_sending": {
            "min": 0.006784,
            "med": 0.0196045,
            "max": 0.588411,
            "p(90)": 0.056046,
            "p(95)": 0.07089275,
            "avg": 0.030734516826923058
        },
        "http_req_blocked": {
            "avg": 0.6801307067307698,
            "min": 0.002816,
            "med": 0.006446,
            "max": 17.614443,
            "p(90)": 0.009749,
            "p(95)": 0.05820575
        },
        "http_req_connecting": {
            "avg": 0.46864987259615387,
            "min": 0,
            "med": 0,
            "max": 12.775998,
            "p(90)": 0,
            "p(95)": 0
        },
        "checks": {
            "passes": 416,
            "fails": 0,
            "value": 1
        },
        "auth_context_duration": {
            "avg": 24.206526314285707,
            "min": 8.925931,
            "med": 23.5374365,
            "max": 69.956836,
            "p(90)": 37.01652,
            "p(95)": 43.6059674
        },
        "http_req_receiving": {
            "p(95)": 3.534863,
            "avg": 1.4295449903846145,
            "min": 0.027151,
            "med": 0.43414050000000004,
            "max": 43.662035,
            "p(90)": 1.9735580000000001
        },
        "vus": {
            "value": 20,
            "min": 20,
            "max": 20
        },
        "data_received": {
            "count": 265431,
            "rate": 51326.525743886
        },
        "http_req_duration{expected_response:true}": {
            "avg": 44.049119024038454,
            "min": 8.925931,
            "med": 27.3978325,
            "max": 345.735987,
            "p(90)": 63.419382,
            "p(95)": 159.29381775
        },
        "auth_success_rate": {
            "passes": 416,
            "fails": 0,
            "value": 1
        },
        "iteration_duration": {
            "avg": 245.7406312115383,
            "min": 210.150092,
            "med": 228.289305,
            "max": 559.458311,
            "p(90)": 264.982814,
            "p(95)": 359.72767125
        },
        "http_reqs": {
            "count": 416,
            "rate": 80.44212887513733
        },
        "http_req_tls_handshaking": {
            "min": 0,
            "med": 0,
            "max": 0,
            "p(90)": 0,
            "p(95)": 0,
            "avg": 0
        },
        "http_req_waiting": {
            "max": 345.513701,
            "p(90)": 63.0379205,
            "p(95)": 158.4064235,
            "avg": 42.58883951682693,
            "min": 8.81718,
            "med": 26.3746975
        },
        "auth_me_duration": {
            "avg": 61.99113857142858,
            "min": 10.711158,
            "med": 31.495759,
            "max": 345.735987,
            "p(90)": 229.9059114,
            "p(95)": 312.31639585
        },
        "iterations": {
            "count": 416,
            "rate": 80.44212887513733
        },
        "auth_activity_duration": {
            "avg": 46.00559139705882,
            "min": 12.785337,
            "med": 32.8037045,
            "max": 161.047476,
            "p(90)": 137.32786099999998,
            "p(95)": 149.1566945
        },
        "http_req_duration": {
            "med": 27.3978325,
            "max": 345.735987,
            "p(90)": 63.419382,
            "p(95)": 159.29381775,
            "avg": 44.049119024038454,
            "min": 8.925931
        },
        "http_req_failed": {
            "fails": 416,
            "passes": 0,
            "value": 0
        },
        "vus_max": {
            "min": 20,
            "max": 20,
            "value": 20
        },
        "data_sent": {
            "count": 119500,
            "rate": 23107.775001391612
        }
    },
    "root_group": {
        "checks": {
            "auth status is 200": {
                "passes": 416,
                "fails": 0,
                "name": "auth status is 200",
                "path": "::auth status is 200",
                "id": "5e85dc41b14b53ce6dd5192eb86a5dfe"
            }
        },
        "name": "",
        "path": "",
        "id": "d41d8cd98f00b204e9800998ecf8427e",
        "groups": {}
    }
}