{
    "metrics": {
        "http_req_tls_handshaking": {
            "p(95)": 0,
            "avg": 0,
            "min": 0,
            "med": 0,
            "max": 0,
            "p(90)": 0
        },
        "checks": {
            "passes": 212,
            "fails": 0,
            "value": 1
        },
        "http_req_receiving": {
            "med": 0.4753175,
            "max": 28.904923,
            "p(90)": 1.8388441,
            "p(95)": 2.7031411999999992,
            "avg": 1.0138881839622647,
            "min": 0.042317
        },
        "auth_activity_duration": {
            "avg": 47.534023428571444,
            "min": 13.850558,
            "med": 33.846645499999994,
            "max": 163.463711,
            "p(90)": 70.98790930000008,
            "p(95)": 147.68347395
        },
        "http_req_waiting": {
            "med": 27.967251,
            "max": 162.489412,
            "p(90)": 58.9671939,
            "p(95)": 121.78168184999997,
            "avg": 36.905935249999985,
            "min": 10.489926
        },
        "auth_success_rate": {
            "passes": 212,
            "fails": 0,
            "value": 1
        },
        "auth_context_duration": {
            "min": 11.090642,
            "med": 25.4394215,
            "max": 59.462042,
            "p(90)": 36.1150523,
            "p(95)": 43.713945949999996,
            "avg": 25.203988771428573
        },
        "vus": {
            "value": 10,
            "min": 10,
            "max": 10
        },
        "http_req_duration": {
            "med": 28.5273945,
            "max": 163.463711,
            "p(90)": 60.3045108,
            "p(95)": 125.96708479999998,
            "avg": 37.97167395283018,
            "min": 11.075013
        },
        "iterations": {
            "count": 212,
            "rate": 40.70253636805175
        },
        "vus_max": {
            "max": 10,
            "value": 10,
            "min": 10
        },
        "http_req_connecting": {
            "med": 0,
            "max": 9.829269,
            "p(90)": 0,
            "p(95)": 0,
            "avg": 0.3318421462264151,
            "min": 0
        },
        "http_req_blocked": {
            "p(95)": 0.2099866499999956,
            "avg": 0.518721405660377,
            "min": 0.003079,
            "med": 0.006723,
            "max": 13.627546,
            "p(90)": 0.0112323
        },
        "http_req_sending": {
            "p(90)": 0.0667317,
            "p(95)": 0.10552829999999995,
            "avg": 0.05185051886792452,
            "min": 0.008457,
            "med": 0.0199485,
            "max": 2.557336
        },
        "http_req_failed": {
            "passes": 0,
            "fails": 212,
            "value": 0
        },
        "http_reqs": {
            "rate": 40.70253636805175,
            "count": 212
        },
        "auth_me_duration": {
            "avg": 41.087972555555545,
            "min": 11.075013,
            "med": 31.2000005,
            "max": 133.32777,
            "p(90)": 110.01272109999998,
            "p(95)": 125.9670848
        },
        "data_sent": {
            "count": 60902,
            "rate": 11692.763537203246
        },
        "data_received": {
            "count": 135458,
            "rate": 26007.000808224315
        },
        "http_req_duration{expected_response:true}": {
            "avg": 37.97167395283018,
            "min": 11.075013,
            "med": 28.5273945,
            "max": 163.463711,
            "p(90)": 60.3045108,
            "p(95)": 125.96708479999998
        },
        "iteration_duration": {
            "avg": 239.6986476462264,
            "min": 211.418399,
            "med": 229.9652155,
            "max": 364.142149,
            "p(90)": 261.9393261,
            "p(95)": 336.0461731
        }
    },
    "root_group": {
        "name": "",
        "path": "",
        "id": "d41d8cd98f00b204e9800998ecf8427e",
        "groups": {},
        "checks": {
                "auth status is 200": {
                    "name": "auth status is 200",
                    "path": "::auth status is 200",
                    "id": "5e85dc41b14b53ce6dd5192eb86a5dfe",
                    "passes": 212,
                    "fails": 0
                }
            }
    }
}