{
    "root_group": {
        "groups": {},
        "checks": {
                "comment create ok": {
                    "fails": 30,
                    "name": "comment create ok",
                    "path": "::comment create ok",
                    "id": "16d1a5663029f717702565037928e61d",
                    "passes": 12
                },
                "notify unread count ok": {
                    "id": "a6b23ef50890e17a5ac18136c2bfd880",
                    "passes": 42,
                    "fails": 0,
                    "name": "notify unread count ok",
                    "path": "::notify unread count ok"
                }
            },
        "name": "",
        "path": "",
        "id": "d41d8cd98f00b204e9800998ecf8427e"
    },
    "metrics": {
        "http_req_duration": {
            "med": 14.3293825,
            "max": 137.608895,
            "p(90)": 77.17681120000002,
            "p(95)": 128.1728948,
            "avg": 30.013045392857126,
            "min": 7.259405
        },
        "notify_unread_success_rate": {
            "passes": 42,
            "fails": 0,
            "value": 1
        },
        "vus": {
            "value": 6,
            "min": 6,
            "max": 6
        },
        "data_sent": {
            "count": 30408,
            "rate": 2791.1117116933406
        },
        "http_req_receiving": {
            "avg": 0.4373388214285714,
            "min": 0.023373,
            "med": 0.129249,
            "max": 3.288748,
            "p(90)": 1.2112827000000002,
            "p(95)": 1.7187111999999978
        },
        "http_req_tls_handshaking": {
            "avg": 0,
            "min": 0,
            "med": 0,
            "max": 0,
            "p(90)": 0,
            "p(95)": 0
        },
        "http_req_sending": {
            "med": 0.017070500000000002,
            "max": 0.169096,
            "p(90)": 0.05214760000000001,
            "p(95)": 0.06947834999999998,
            "avg": 0.02601708333333333,
            "min": 0.009106
        },
        "checks": {
            "passes": 54,
            "fails": 30,
            "value": 0.6428571428571429
        },
        "vus_max": {
            "value": 6,
            "min": 6,
            "max": 6
        },
        "iteration_duration": {
            "min": 1522.364021,
            "med": 1536.4514595,
            "max": 1651.458895,
            "p(90)": 1642.6526058,
            "p(95)": 1647.2550029,
            "avg": 1561.5570612142865
        },
        "http_req_connecting": {
            "p(95)": 2.773551149999999,
            "avg": 0.20892710714285712,
            "min": 0,
            "med": 0,
            "max": 3.265121,
            "p(90)": 0
        },
        "data_received": {
            "count": 22650,
            "rate": 2079.0147418394554
        },
        "comment_create_duration": {
            "p(95)": 135.2479426,
            "avg": 46.951468642857144,
            "min": 8.231925,
            "med": 24.392418,
            "max": 137.608895,
            "p(90)": 128.1978032
        },
        "http_req_waiting": {
            "avg": 29.549689488095243,
            "min": 6.613141,
            "med": 14.1844415,
            "max": 137.289357,
            "p(90)": 76.58515560000001,
            "p(95)": 128.09711635
        },
        "http_req_failed": {
            "passes": 0,
            "fails": 84,
            "value": 0
        },
        "notify_unread_duration": {
            "p(95)": 21.285762749999993,
            "avg": 13.074622142857141,
            "min": 7.259405,
            "med": 12.7569295,
            "max": 22.20135,
            "p(90)": 18.9997993
        },
        "http_req_duration{expected_response:true}": {
            "avg": 30.013045392857126,
            "min": 7.259405,
            "med": 14.3293825,
            "max": 137.608895,
            "p(90)": 77.17681120000002,
            "p(95)": 128.1728948
        },
        "iterations": {
            "count": 42,
            "rate": 3.855126673609586
        },
        "http_reqs": {
            "count": 84,
            "rate": 7.710253347219172
        },
        "http_req_blocked": {
            "avg": 0.26830499999999996,
            "min": 0.002001,
            "med": 0.004959,
            "max": 3.951356,
            "p(90)": 0.007576800000000001,
            "p(95)": 3.595158749999999
        },
        "comment_create_success_rate": {
            "passes": 12,
            "fails": 30,
            "value": 0.2857142857142857
        }
    }
}