{
    "root_group": {
        "path": "",
        "id": "d41d8cd98f00b204e9800998ecf8427e",
        "groups": {},
        "checks": {
                "comment create ok": {
                    "path": "::comment create ok",
                    "id": "16d1a5663029f717702565037928e61d",
                    "passes": 18,
                    "fails": 0,
                    "name": "comment create ok"
                },
                "notify unread count ok": {
                    "path": "::notify unread count ok",
                    "id": "a6b23ef50890e17a5ac18136c2bfd880",
                    "passes": 18,
                    "fails": 0,
                    "name": "notify unread count ok"
                }
            },
        "name": ""
    },
    "metrics": {
        "vus": {
            "value": 3,
            "min": 3,
            "max": 3
        },
        "http_req_duration": {
            "p(90)": 319.5008265,
            "p(95)": 505.7507955,
            "avg": 94.55079649999998,
            "min": 7.035137,
            "med": 39.8920515,
            "max": 532.435683
        },
        "comment_create_duration": {
            "p(90)": 300.8068228,
            "p(95)": 316.91899025000004,
            "avg": 95.04253111111115,
            "min": 32.750622,
            "med": 58.611015,
            "max": 323.189164
        },
        "comment_create_success_rate": {
            "fails": 0,
            "passes": 18,
            "value": 1
        },
        "vus_max": {
            "value": 3,
            "min": 3,
            "max": 3
        },
        "http_req_waiting": {
            "avg": 93.54519450000001,
            "min": 6.788109,
            "med": 39.783331000000004,
            "max": 531.799471,
            "p(90)": 319.136932,
            "p(95)": 504.8691405
        },
        "http_req_sending": {
            "avg": 0.03502177777777778,
            "min": 0.009509,
            "med": 0.0178595,
            "max": 0.221574,
            "p(90)": 0.083383,
            "p(95)": 0.10209725
        },
        "data_sent": {
            "count": 13032,
            "rate": 1288.5090447980988
        },
        "http_req_blocked": {
            "med": 0.005318,
            "max": 3.628896,
            "p(90)": 0.0187715,
            "p(95)": 3.5544919999999998,
            "avg": 0.30523038888888887,
            "min": 0.003813
        },
        "iterations": {
            "count": 18,
            "rate": 1.7797086254117387
        },
        "http_req_connecting": {
            "p(90)": 0,
            "p(95)": 3.0327965,
            "avg": 0.26050619444444445,
            "min": 0,
            "med": 0,
            "max": 3.293923
        },
        "http_reqs": {
            "count": 36,
            "rate": 3.5594172508234774
        },
        "http_req_receiving": {
            "p(95)": 6.89004175,
            "avg": 0.9705802222222226,
            "min": 0.040167,
            "med": 0.19041,
            "max": 7.009495,
            "p(90)": 2.5909965
        },
        "http_req_duration{expected_response:true}": {
            "avg": 94.55079649999998,
            "min": 7.035137,
            "med": 39.8920515,
            "max": 532.435683,
            "p(90)": 319.5008265,
            "p(95)": 505.7507955
        },
        "http_req_tls_handshaking": {
            "med": 0,
            "max": 0,
            "p(90)": 0,
            "p(95)": 0,
            "avg": 0,
            "min": 0
        },
        "notify_unread_success_rate": {
            "passes": 18,
            "fails": 0,
            "value": 1
        },
        "iteration_duration": {
            "med": 1569.1167105,
            "max": 2334.34695,
            "p(90)": 2334.3180148,
            "p(95)": 2334.34504005,
            "avg": 1691.1668036111112,
            "min": 1541.29507
        },
        "notify_unread_duration": {
            "p(95)": 514.77119805,
            "avg": 94.0590618888889,
            "min": 7.035137,
            "med": 9.518394,
            "max": 532.435683,
            "p(90)": 506.1443382
        },
        "checks": {
            "passes": 36,
            "fails": 0,
            "value": 1
        },
        "http_req_failed": {
            "passes": 0,
            "fails": 36,
            "value": 0
        },
        "data_received": {
            "count": 9269,
            "rate": 916.4510693856337
        }
    }
}