{
    "metrics": {
        "http_req_duration": {
            "avg": 16.688092116855536,
            "min": 2.237948,
            "med": 15.950457,
            "max": 161.752292,
            "p(90)": 28.860475100000002,
            "p(95)": 50.997569800000036
        },
        "http_req_tls_handshaking": {
            "max": 0,
            "p(90)": 0,
            "p(95)": 0,
            "avg": 0,
            "min": 0,
            "med": 0
        },
        "http_req_duration{expected_response:true}": {
            "min": 2.237948,
            "med": 15.950457,
            "max": 161.752292,
            "p(90)": 28.860475100000002,
            "p(95)": 50.997569800000036,
            "avg": 16.688092116855536
        },
        "comment_chain_create_success_rate": {
            "passes": 696,
            "fails": 0,
            "value": 1
        },
        "checks": {
            "passes": 1392,
            "fails": 0,
            "value": 1
        },
        "comment_chain_create_duration": {
            "max": 161.752292,
            "p(90)": 43.0470955,
            "p(95)": 58.062367,
            "avg": 25.942086354885063,
            "min": 13.664507,
            "med": 19.8500935
        },
        "http_req_sending": {
            "p(90)": 0.06177350000000002,
            "p(95)": 0.07610230000000001,
            "avg": 0.031254457507082146,
            "min": 0.007325,
            "med": 0.021093,
            "max": 0.377468
        },
        "http_reqs": {
            "count": 1412,
            "rate": 141.4118773876075
        },
        "http_req_blocked": {
            "med": 0.0060160000000000005,
            "max": 21.26156,
            "p(90)": 0.009442000000000002,
            "p(95)": 0.012067800000000016,
            "avg": 0.2849493831444753,
            "min": 0.002635
        },
        "comment_chain_unread_duration": {
            "avg": 5.357248037356321,
            "min": 2.237948,
            "med": 3.837517,
            "max": 67.603028,
            "p(90)": 6.793836,
            "p(95)": 12.608884
        },
        "http_req_waiting": {
            "p(90)": 28.626042800000004,
            "p(95)": 50.5194056,
            "avg": 16.487299562322942,
            "min": 2.175152,
            "med": 15.834526499999999,
            "max": 160.907537
        },
        "http_req_connecting": {
            "avg": 0.2753176487252124,
            "min": 0,
            "med": 0,
            "max": 21.175843,
            "p(90)": 0,
            "p(95)": 0
        },
        "iteration_duration": {
            "p(95)": 270.68659025,
            "avg": 233.01904556034478,
            "min": 218.004129,
            "med": 224.758784,
            "max": 389.675892,
            "p(90)": 249.3118275
        },
        "iterations": {
            "count": 696,
            "rate": 69.70443814573287
        },
        "vus_max": {
            "value": 20,
            "min": 20,
            "max": 20
        },
        "http_req_receiving": {
            "p(95)": 0.4464863000000002,
            "avg": 0.16953809702549563,
            "min": 0.02233,
            "med": 0.1190945,
            "max": 3.804192,
            "p(90)": 0.2694987000000001
        },
        "data_received": {
            "count": 250415,
            "rate": 25079.075974516803
        },
        "comment_chain_unread_success_rate": {
            "passes": 696,
            "fails": 0,
            "value": 1
        },
        "http_req_failed": {
            "passes": 0,
            "fails": 1412,
            "value": 0
        },
        "data_sent": {
            "count": 520176,
            "rate": 52095.654909331526
        },
        "vus": {
            "value": 20,
            "min": 0,
            "max": 20
        }
    },
    "setup_data": {
        "notifyBaseUrl": "http://host.docker.internal:9004",
        "userBaseUrl": "http://host.docker.internal:9011",
        "users": [
            {
                "token": "eyJhbGciOiJIUzI1NiJ9.eyJzdWIiOiJwZXJmdXNlcjAwMSIsInVzZXJJZCI6Niwicm9sZSI6IlVTRVIiLCJpYXQiOjE3NzUzNTk0ODIsImV4cCI6MTc3NTQ0NTg4Mn0.Bnqco_EA5Z8tVEKvesHlx4gSCNNaX8W0yRuMINnG4Fg",
                "username": "perfuser001"
            },
            {
                "token": "eyJhbGciOiJIUzI1NiJ9.eyJzdWIiOiJwZXJmdXNlcjAwMiIsInVzZXJJZCI6Nywicm9sZSI6IlVTRVIiLCJpYXQiOjE3NzUzNTk0ODIsImV4cCI6MTc3NTQ0NTg4Mn0.mjhJV3QEmj4gswPHcuyQ8qj9MIMoTY8VCl_-zK2M68k",
                "username": "perfuser002"
            },
            {
                "token": "eyJhbGciOiJIUzI1NiJ9.eyJzdWIiOiJwZXJmdXNlcjAwMyIsInVzZXJJZCI6OCwicm9sZSI6IlVTRVIiLCJpYXQiOjE3NzUzNTk0ODIsImV4cCI6MTc3NTQ0NTg4Mn0.j4zvNeP38v8Na6jegR5Xx0zwiXxNHdojTmkgeFI1E8I",
                "username": "perfuser003"
            },
            {
                "token": "eyJhbGciOiJIUzI1NiJ9.eyJzdWIiOiJwZXJmdXNlcjAwNCIsInVzZXJJZCI6OSwicm9sZSI6IlVTRVIiLCJpYXQiOjE3NzUzNTk0ODIsImV4cCI6MTc3NTQ0NTg4Mn0.Qi8K8IYe72UvEU1EpLXgtDH-wM6Fdb4R3v_nYurc6f8",
                "username": "perfuser004"
            },
            {
                "token": "eyJhbGciOiJIUzI1NiJ9.eyJzdWIiOiJwZXJmdXNlcjAwNSIsInVzZXJJZCI6MTAsInJvbGUiOiJVU0VSIiwiaWF0IjoxNzc1MzU5NDgyLCJleHAiOjE3NzU0NDU4ODJ9.QGNk4K1rMt6yaTI2PhqM_xC7piTfee0x5-ONynfIJ10",
                "username": "perfuser005"
            },
            {
                "token": "eyJhbGciOiJIUzI1NiJ9.eyJzdWIiOiJwZXJmdXNlcjAwNiIsInVzZXJJZCI6MTEsInJvbGUiOiJVU0VSIiwiaWF0IjoxNzc1MzU5NDgyLCJleHAiOjE3NzU0NDU4ODJ9.52Pp8GFuF3N_UoIed-xCzte6365_lerx74V82XUtv_0",
                "username": "perfuser006"
            },
            {
                "username": "perfuser007",
                "token": "eyJhbGciOiJIUzI1NiJ9.eyJzdWIiOiJwZXJmdXNlcjAwNyIsInVzZXJJZCI6MTIsInJvbGUiOiJVU0VSIiwiaWF0IjoxNzc1MzU5NDgyLCJleHAiOjE3NzU0NDU4ODJ9.nkXFP3zGTgsC_Bf19uDTFnRaEX7fVFU6SUG7cfDv3Bs"
            },
            {
                "token": "eyJhbGciOiJIUzI1NiJ9.eyJzdWIiOiJwZXJmdXNlcjAwOCIsInVzZXJJZCI6MTMsInJvbGUiOiJVU0VSIiwiaWF0IjoxNzc1MzU5NDgyLCJleHAiOjE3NzU0NDU4ODJ9.LrcjNrYqbZHdhDAVt1GcxDLxmaV-o6Gcazvi92V9l8Y",
                "username": "perfuser008"
            },
            {
                "token": "eyJhbGciOiJIUzI1NiJ9.eyJzdWIiOiJwZXJmdXNlcjAwOSIsInVzZXJJZCI6MTQsInJvbGUiOiJVU0VSIiwiaWF0IjoxNzc1MzU5NDgyLCJleHAiOjE3NzU0NDU4ODJ9.RUX0k41_8Qul4y0Qs4uq6F_4q9mE1RcUtZAFBHQmWnI",
                "username": "perfuser009"
            },
            {
                "username": "perfuser010",
                "token": "eyJhbGciOiJIUzI1NiJ9.eyJzdWIiOiJwZXJmdXNlcjAxMCIsInVzZXJJZCI6MTUsInJvbGUiOiJVU0VSIiwiaWF0IjoxNzc1MzU5NDgyLCJleHAiOjE3NzU0NDU4ODJ9.kZ5CXx70rOdhJpFQlxyg580B4m_Qhx_SwPfrHSLMieo"
            },
            {
                "token": "eyJhbGciOiJIUzI1NiJ9.eyJzdWIiOiJwZXJmdXNlcjAxMSIsInVzZXJJZCI6MTYsInJvbGUiOiJVU0VSIiwiaWF0IjoxNzc1MzU5NDgzLCJleHAiOjE3NzU0NDU4ODN9.-ZIyoACnUglQrcpBO3KZg25z7COQ5MXb2iD9zeaKxxA",
                "username": "perfuser011"
            },
            {
                "token": "eyJhbGciOiJIUzI1NiJ9.eyJzdWIiOiJwZXJmdXNlcjAxMiIsInVzZXJJZCI6MTcsInJvbGUiOiJVU0VSIiwiaWF0IjoxNzc1MzU5NDgzLCJleHAiOjE3NzU0NDU4ODN9.xMXAt_13IsZRkNtWf8ADEXKoovZP6_zOgprHCbCQl78",
                "username": "perfuser012"
            },
            {
                "token": "eyJhbGciOiJIUzI1NiJ9.eyJzdWIiOiJwZXJmdXNlcjAxMyIsInVzZXJJZCI6MTgsInJvbGUiOiJVU0VSIiwiaWF0IjoxNzc1MzU5NDgzLCJleHAiOjE3NzU0NDU4ODN9.T5bbZRGRZxWtg-rU4Bse5mViSGkP5ZkZQy5bBdZAYdY",
                "username": "perfuser013"
            },
            {
                "token": "eyJhbGciOiJIUzI1NiJ9.eyJzdWIiOiJwZXJmdXNlcjAxNCIsInVzZXJJZCI6MTksInJvbGUiOiJVU0VSIiwiaWF0IjoxNzc1MzU5NDgzLCJleHAiOjE3NzU0NDU4ODN9._1Wvq8qFDzADcXYXnCjrB-pzpdLZNrNsfPn59tKh0CA",
                "username": "perfuser014"
            },
            {
                "token": "eyJhbGciOiJIUzI1NiJ9.eyJzdWIiOiJwZXJmdXNlcjAxNSIsInVzZXJJZCI6MjAsInJvbGUiOiJVU0VSIiwiaWF0IjoxNzc1MzU5NDgzLCJleHAiOjE3NzU0NDU4ODN9.5bXvgR5g4Kifa_P4lscI7B9OlD52ME_DGQfNLq0_wrU",