{
    "root_group": {
        "checks": {
            "notify page ok": {
                "name": "notify page ok",
                "path": "::notify page ok",
                "id": "8f6ebfa2316a65b2e5a1a9865f3a520b",
                "passes": 1350,
                "fails": 0
            }
        },
        "name": "",
        "path": "",
        "id": "d41d8cd98f00b204e9800998ecf8427e",
        "groups": {}
    },
    "metrics": {
        "vus": {
            "value": 20,
            "min": 20,
            "max": 20
        },
        "http_req_failed": {
            "passes": 0,
            "fails": 1351,
            "value": 0
        },
        "http_reqs": {
            "count": 1351,
            "rate": 132.2251226545073
        },
        "http_req_blocked": {
            "avg": 0.13381663360473653,
            "min": 0.002251,
            "med": 0.006613,
            "max": 12.991236,
            "p(90)": 0.009283,
            "p(95)": 0.010338
        },
        "http_req_duration{expected_response:true}": {
            "min": 0.193141,
            "med": 38.309421,
            "max": 262.478892,
            "p(90)": 80.893061,
            "p(95)": 122.938152,
            "avg": 47.75481026646916
        },
        "notify_page_duration": {
            "min": 0.193141,
            "med": 38.2998695,
            "max": 262.478892,
            "p(90)": 80.79483770000002,
            "p(95)": 122.97394909999996,
            "avg": 47.7054352822221
        },
        "http_req_waiting": {
            "max": 256.392741,
            "p(90)": 79.032361,
            "p(95)": 117.80034,
            "avg": 46.95650737305683,
            "min": 0,
            "med": 38.019691
        },
        "http_req_tls_handshaking": {
            "avg": 0,
            "min": 0,
            "med": 0,
            "max": 0,
            "p(90)": 0,
            "p(95)": 0
        },
        "http_req_receiving": {
            "avg": 0.7587825003700958,
            "min": 0.031443,
            "med": 0.196134,
            "max": 84.878012,
            "p(90)": 0.601644,
            "p(95)": 1.2160069999999998
        },
        "iterations": {
            "count": 1350,
            "rate": 132.1272506170132
        },
        "data_sent": {
            "count": 491408,
            "rate": 48095.102200892754
        },
        "data_received": {
            "count": 4018093,
            "rate": 393258.9487507159
        },
        "checks": {
            "passes": 1350,
            "fails": 0,
            "value": 1
        },
        "http_req_sending": {
            "avg": 0.03952039304219091,
            "min": 0.009804,
            "med": 0.027687,
            "max": 2.162,
            "p(90)": 0.06691,
            "p(95)": 0.078351
        },
        "http_req_connecting": {
            "avg": 0.12333185418208734,
            "min": 0,
            "med": 0,
            "max": 12.949998,
            "p(90)": 0,
            "p(95)": 0
        },
        "iteration_duration": {
            "avg": 149.33408113259267,
            "min": 124.353358,
            "med": 139.6258595,
            "max": 370.148338,
            "p(90)": 181.8301496000001,
            "p(95)": 224.77260644999998
        },
        "vus_max": {
            "value": 20,
            "min": 20,
            "max": 20
        },
        "http_req_duration": {
            "p(90)": 80.893061,
            "p(95)": 122.938152,
            "avg": 47.75481026646916,
            "min": 0.193141,
            "med": 38.309421,
            "max": 262.478892
        },
        "notify_page_success_rate": {
            "passes": 1350,
            "fails": 0,
            "value": 1
        }
    },
    "setup_data": {
        "notifyBaseUrl": "http://host.docker.internal:9004",
        "token": "eyJhbGciOiJIUzI1NiJ9.eyJzdWIiOiJ0b211c2VyIiwidXNlcklkIjoyLCJyb2xlIjoiVVNFUiIsImlhdCI6MTc3NTM1OTQxNiwiZXhwIjoxNzc1NDQ1ODE2fQ.ZTpEFBo7QBQJj27rRLD5CFjrFQzez9o3YgxHeVIo5NA"
    }
}