{
    "root_group": {
        "id": "d41d8cd98f00b204e9800998ecf8427e",
        "groups": {},
        "checks": {
                "read status is 200": {
                    "id": "30e618622b67ff6ebde6cb3c197f8eef",
                    "passes": 220,
                    "fails": 0,
                    "name": "read status is 200",
                    "path": "::read status is 200"
                }
            },
        "name": "",
        "path": ""
    },
    "metrics": {
        "iteration_duration": {
            "avg": 234.68700120909088,
            "min": 206.132175,
            "med": 223.77705300000002,
            "max": 376.696507,
            "p(90)": 263.4312965,
            "p(95)": 279.7408291499999
        },
        "http_req_receiving": {
            "p(90)": 1.9256405999999997,
            "p(95)": 2.7930862999999992,
            "avg": 1.3679838727272728,
            "min": 0.02896,
            "med": 0.41697649999999997,
            "max": 40.717984
        },
        "read_hot_duration": {
            "avg": 43.64217508571428,
            "min": 5.079551,
            "med": 16.0005165,
            "max": 176.234902,
            "p(90)": 173.7303806,
            "p(95)": 175.63838355000001
        },
        "http_req_blocked": {
            "p(95)": 0.061096449999999095,
            "avg": 0.5100555136363636,
            "min": 0.001811,
            "med": 0.0051985,
            "max": 14.512822,
            "p(90)": 0.010162499999999996
        },
        "vus": {
            "min": 10,
            "max": 10,
            "value": 10
        },
        "http_req_waiting": {
            "med": 21.0919365,
            "max": 175.511644,
            "p(90)": 58.104985799999994,
            "p(95)": 64.77056744999994,
            "avg": 31.634451981818174,
            "min": 4.573074
        },
        "data_received": {
            "count": 356702,
            "rate": 68669.32140543705
        },
        "iterations": {
            "count": 220,
            "rate": 42.352582012986055
        },
        "read_detail_duration": {
            "avg": 24.010184942857148,
            "min": 9.732799,
            "med": 15.610451,
            "max": 68.485274,
            "p(90)": 50.543930200000005,
            "p(95)": 56.69022759999999
        },
        "checks": {
            "passes": 220,
            "fails": 0,
            "value": 1
        },
        "http_req_duration{expected_response:true}": {
            "avg": 33.029348086363626,
            "min": 5.079551,
            "med": 22.8066225,
            "max": 176.234902,
            "p(90)": 59.292162899999994,
            "p(95)": 65.14504264999994
        },
        "http_req_connecting": {
            "avg": 0.33379735,
            "min": 0,
            "med": 0,
            "max": 10.665423,
            "p(90)": 0,
            "p(95)": 0
        },
        "http_req_tls_handshaking": {
            "avg": 0,
            "min": 0,
            "med": 0,
            "max": 0,
            "p(90)": 0,
            "p(95)": 0
        },
        "http_req_sending": {
            "p(95)": 0.06503839999999977,
            "avg": 0.02691223181818183,
            "min": 0.005105,
            "med": 0.013933000000000001,
            "max": 0.388082,
            "p(90)": 0.0525866
        },
        "data_sent": {
            "count": 23940,
            "rate": 4608.730969958573
        },
        "http_reqs": {
            "count": 220,
            "rate": 42.352582012986055
        },
        "read_page_duration": {
            "avg": 31.6348922125,
            "min": 17.953209,
            "med": 30.0547415,
            "max": 64.969241,
            "p(90)": 55.866791,
            "p(95)": 60.2807037
        },
        "vus_max": {
            "min": 10,
            "max": 10,
            "value": 10
        },
        "read_success_rate": {
            "passes": 220,
            "fails": 0,
            "value": 1
        },
        "http_req_duration": {
            "min": 5.079551,
            "med": 22.8066225,
            "max": 176.234902,
            "p(90)": 59.292162899999994,
            "p(95)": 65.14504264999994,
            "avg": 33.029348086363626
        },
        "http_req_failed": {
            "fails": 220,
            "passes": 0,
            "value": 0
        }
    }
}