{
    "root_group": {
        "name": "",
        "path": "",
        "id": "d41d8cd98f00b204e9800998ecf8427e",
        "groups": {},
        "checks": {
                "read status is 200": {
                    "id": "30e618622b67ff6ebde6cb3c197f8eef",
                    "passes": 973,
                    "fails": 0,
                    "name": "read status is 200",
                    "path": "::read status is 200"
                }
            }
    },
    "metrics": {
        "http_req_tls_handshaking": {
            "p(95)": 0,
            "avg": 0,
            "min": 0,
            "med": 0,
            "max": 0,
            "p(90)": 0
        },
        "http_req_failed": {
            "passes": 0,
            "fails": 973,
            "value": 0
        },
        "http_reqs": {
            "count": 973,
            "rate": 186.58315229826528
        },
        "data_sent": {
            "count": 105719,
            "rate": 20272.748486968456
        },
        "data_received": {
            "rate": 298689.9039224248,
            "count": 1557618
        },
        "vus_max": {
            "max": 50,
            "value": 50,
            "min": 50
        },
        "http_req_duration": {
            "max": 446.648941,
            "p(90)": 110.98020360000008,
            "p(95)": 149.63610279999995,
            "avg": 58.93866775847894,
            "min": 4.523576,
            "med": 41.706071
        },
        "iterations": {
            "count": 973,
            "rate": 186.58315229826528
        },
        "http_req_connecting": {
            "max": 87.569638,
            "p(90)": 0,
            "p(95)": 8.266688399999987,
            "avg": 3.9150723638232274,
            "min": 0,
            "med": 0
        },
        "http_req_sending": {
            "min": 0.007018,
            "med": 0.019463,
            "max": 11.310572,
            "p(90)": 0.05429180000000004,
            "p(95)": 0.08788699999999998,
            "avg": 0.11882672456320639
        },
        "vus": {
            "value": 50,
            "min": 50,
            "max": 50
        },
        "checks": {
            "fails": 0,
            "passes": 973,
            "value": 1
        },
        "iteration_duration": {
            "p(90)": 311.8326206000001,
            "p(95)": 361.0945973999998,
            "avg": 264.5354972517985,
            "min": 205.28892,
            "med": 242.63424,
            "max": 738.878657
        },
        "http_req_duration{expected_response:true}": {
            "med": 41.706071,
            "max": 446.648941,
            "p(90)": 110.98020360000008,
            "p(95)": 149.63610279999995,
            "avg": 58.93866775847894,
            "min": 4.523576
        },
        "http_req_receiving": {
            "med": 0.938252,
            "max": 78.868994,
            "p(90)": 8.9694604,
            "p(95)": 14.336250399999997,
            "avg": 3.2035757173689636,
            "min": 0.033196
        },
        "read_detail_duration": {
            "avg": 47.72423749693253,
            "min": 10.965864,
            "med": 42.0167745,
            "max": 203.444384,
            "p(90)": 81.8557415,
            "p(95)": 95.57459825000001
        },
        "read_hot_duration": {
            "max": 81.551004,
            "p(90)": 54.6587455,
            "p(95)": 61.521325300000015,
            "avg": 26.20238876666666,
            "min": 4.523576,
            "med": 19.452467499999997
        },
        "read_page_duration": {
            "p(90)": 257.32132720000004,
            "p(95)": 355.0799573,
            "avg": 97.77667341498565,
            "min": 15.837289,
            "med": 62.615362,
            "max": 446.648941
        },
        "http_req_waiting": {
            "med": 38.135861,
            "max": 431.13182,
            "p(90)": 107.94936200000004,
            "p(95)": 146.21106179999998,
            "avg": 55.61626531654679,
            "min": 4.291813
        },
        "http_req_blocked": {
            "min": 0.002759,
            "med": 0.006887,
            "max": 103.713549,
            "p(90)": 0.010741400000000002,
            "p(95)": 12.133769599999908,
            "avg": 4.331352793422399
        },
        "read_success_rate": {
            "passes": 973,
            "fails": 0,
            "value": 1
        }
    }
}