{
    "root_group": {
        "groups": {},
        "checks": {
                "read status is 200": {
                    "name": "read status is 200",
                    "path": "::read status is 200",
                    "id": "30e618622b67ff6ebde6cb3c197f8eef",
                    "passes": 397,
                    "fails": 0
                }
            },
        "name": "",
        "path": "",
        "id": "d41d8cd98f00b204e9800998ecf8427e"
    },
    "metrics": {
        "http_req_duration{expected_response:true}": {
            "p(90)": 116.2385618,
            "p(95)": 142.37715559999992,
            "avg": 55.27114170277077,
            "min": 4.567761,
            "med": 41.79298,
            "max": 225.297348
        },
        "read_hot_duration": {
            "avg": 26.589116768595044,
            "min": 4.567761,
            "med": 25.034044,
            "max": 89.604442,
            "p(90)": 49.667036,
            "p(95)": 56.724486
        },
        "http_req_sending": {
            "avg": 0.3268319899244336,
            "min": 0.008881,
            "med": 0.021429,
            "max": 46.246925,
            "p(90)": 0.06035480000000005,
            "p(95)": 0.11034819999999995
        },
        "http_req_failed": {
            "passes": 0,
            "fails": 397,
            "value": 0
        },
        "vus": {
            "value": 20,
            "min": 20,
            "max": 20
        },
        "read_detail_duration": {
            "avg": 59.95415547794118,
            "min": 9.294926,
            "med": 41.741766,
            "max": 225.297348,
            "p(90)": 122.774528,
            "p(95)": 179.9885445
        },
        "read_page_duration": {
            "med": 67.8000335,
            "max": 208.936967,
            "p(90)": 132.6398782,
            "p(95)": 147.03941144999982,
            "avg": 75.51139272857144,
            "min": 20.192234
        },
        "checks": {
            "passes": 397,
            "fails": 0,
            "value": 1
        },
        "read_success_rate": {
            "passes": 397,
            "fails": 0,
            "value": 1
        },
        "http_req_receiving": {
            "avg": 2.9708193249370254,
            "min": 0.030378,
            "med": 0.792852,
            "max": 40.652675,
            "p(90)": 7.996826200000001,
            "p(95)": 14.050447199999997
        },
        "iteration_duration": {
            "med": 242.700473,
            "max": 490.456563,
            "p(90)": 322.56640880000003,
            "p(95)": 353.7739705999999,
            "avg": 257.9243622342568,
            "min": 205.866972
        },
        "data_sent": {
            "count": 43101,
            "rate": 8307.901815155805
        },
        "http_reqs": {
            "count": 397,
            "rate": 76.52344541001032
        },
        "http_req_connecting": {
            "avg": 0.7942848967254408,
            "min": 0,
            "med": 0,
            "max": 88.956361,
            "p(90)": 0,
            "p(95)": 0.8832897999999498
        },
        "iterations": {
            "count": 397,
            "rate": 76.52344541001032
        },
        "vus_max": {
            "value": 20,
            "min": 20,
            "max": 20
        },
        "http_req_duration": {
            "min": 4.567761,
            "med": 41.79298,
            "max": 225.297348,
            "p(90)": 116.2385618,
            "p(95)": 142.37715559999992,
            "avg": 55.27114170277077
        },
        "http_req_waiting": {
            "med": 37.073344,
            "max": 218.485196,
            "p(90)": 112.1203326,
            "p(95)": 137.81389959999996,
            "avg": 51.97349038790932,
            "min": 4.193092
        },
        "http_req_blocked": {
            "med": 0.007263,
            "max": 98.01938,
            "p(90)": 0.011080800000000003,
            "p(95)": 2.7735337999998566,
            "avg": 1.3334269068010076,
            "min": 0.003483
        },
        "http_req_tls_handshaking": {
            "p(90)": 0,
            "p(95)": 0,
            "avg": 0,
            "min": 0,
            "med": 0,
            "max": 0
        },
        "data_received": {
            "rate": 121808.74822546876,
            "count": 631938
        }
    }
}