{
    "metrics": {
        "http_req_failed": {
            "passes": 0,
            "fails": 1882,
            "value": 0
        },
        "http_req_connecting": {
            "avg": 3.035346101487778,
            "min": 0,
            "med": 0,
            "max": 109.236189,
            "p(90)": 0,
            "p(95)": 17.475376049999984
        },
        "vus_max": {
            "value": 100,
            "min": 100,
            "max": 100
        },
        "iterations": {
            "count": 1882,
            "rate": 363.0842884160879
        },
        "read_success_rate": {
            "passes": 1882,
            "fails": 0,
            "value": 1
        },
        "http_req_waiting": {
            "max": 394.475496,
            "p(90)": 116.11293540000001,
            "p(95)": 265.9141829499999,
            "avg": 60.15156313336868,
            "min": 4.054355,
            "med": 40.83631200000001
        },
        "vus": {
            "value": 100,
            "min": 100,
            "max": 100
        },
        "http_req_tls_handshaking": {
            "avg": 0,
            "min": 0,
            "med": 0,
            "max": 0,
            "p(90)": 0,
            "p(95)": 0
        },
        "http_req_sending": {
            "min": 0.005916,
            "med": 0.017533,
            "max": 70.84381,
            "p(90)": 0.0470541,
            "p(95)": 0.08550795,
            "avg": 0.9557959702444179
        },
        "read_hot_duration": {
            "med": 22.267220000000002,
            "max": 80.112758,
            "p(90)": 56.353223500000006,
            "p(95)": 60.795849849999996,
            "avg": 27.422457424999994,
            "min": 4.489856
        },
        "http_req_blocked": {
            "min": 0.002407,
            "med": 0.006401499999999999,
            "max": 143.577918,
            "p(90)": 0.010386200000000003,
            "p(95)": 24.977514399999748,
            "avg": 3.645960323060581
        },
        "checks": {
            "passes": 1882,
            "fails": 0,
            "value": 1
        },
        "data_received": {
            "count": 3042278,
            "rate": 586930.5753421461
        },
        "iteration_duration": {
            "med": 247.0104225,
            "max": 684.517836,
            "p(90)": 323.88648440000003,
            "p(95)": 552.9887613499997,
            "avg": 269.9180877247607,
            "min": 205.066296
        },
        "http_reqs": {
            "count": 1882,
            "rate": 363.0842884160879
        },
        "http_req_duration{expected_response:true}": {
            "p(95)": 282.02825919999856,
            "avg": 64.95651253294372,
            "min": 4.489856,
            "med": 45.6221625,
            "max": 454.893756,
            "p(90)": 123.02058699999999
        },
        "read_detail_duration": {
            "avg": 48.57286605115507,
            "min": 9.514059,
            "med": 47.090095500000004,
            "max": 122.968819,
            "p(90)": 84.662606,
            "p(95)": 91.65432025000001
        },
        "http_req_receiving": {
            "max": 43.655715,
            "p(90)": 11.036333800000019,
            "p(95)": 15.425132399999994,
            "avg": 3.8491534293304968,
            "min": 0.023204,
            "med": 1.376433
        },
        "read_page_duration": {
            "avg": 112.95787767011836,
            "min": 15.408863,
            "med": 71.84464,
            "max": 454.893756,
            "p(90)": 317.447227,
            "p(95)": 358.84337575
        },
        "data_sent": {
            "count": 204650,
            "rate": 39482.04018297151
        },
        "http_req_duration": {
            "avg": 64.95651253294372,
            "min": 4.489856,
            "med": 45.6221625,
            "max": 454.893756,
            "p(90)": 123.02058699999999,
            "p(95)": 282.02825919999856
        }
    },
    "root_group": {
        "checks": {
            "read status is 200": {
                "path": "::read status is 200",
                "id": "30e618622b67ff6ebde6cb3c197f8eef",
                "passes": 1882,
                "fails": 0,
                "name": "read status is 200"
            }
        },
        "name": "",
        "path": "",
        "id": "d41d8cd98f00b204e9800998ecf8427e",
        "groups": {}
    }
}