{
    "root_group": {
        "name": "",
        "path": "",
        "id": "d41d8cd98f00b204e9800998ecf8427e",
        "groups": {},
        "checks": {
                "write status is 200": {
                    "name": "write status is 200",
                    "path": "::write status is 200",
                    "id": "f9c6e6e62c2d97074ac25d0677d8528b",
                    "passes": 1808,
                    "fails": 403
                }
            }
    },
    "metrics": {
        "write_favorite_duration": {
            "max": 83.97959,
            "p(90)": 35.017605,
            "p(95)": 41.763302100000004,
            "avg": 22.014426815454545,
            "min": 6.335032,
            "med": 19.448203499999998
        },
        "http_req_connecting": {
            "min": 0,
            "med": 0,
            "max": 84.299217,
            "p(90)": 0,
            "p(95)": 0,
            "avg": 1.2886343885119853
        },
        "http_req_waiting": {
            "med": 20.994557,
            "max": 130.062702,
            "p(90)": 48.490039,
            "p(95)": 65.7997,
            "avg": 26.847714653550376,
            "min": 5.960103
        },
        "http_req_duration{expected_response:true}": {
            "avg": 27.5764826223429,
            "min": 6.335032,
            "med": 21.587609,
            "max": 130.806744,
            "p(90)": 49.912765,
            "p(95)": 66.827335
        },
        "http_req_sending": {
            "p(90)": 0.056621,
            "p(95)": 0.0729655,
            "avg": 0.06107703301673442,
            "min": 0.006302,
            "med": 0.022807,
            "max": 16.007889
        },
        "iterations": {
            "count": 2211,
            "rate": 422.4152005315519
        },
        "http_req_duration": {
            "med": 21.587609,
            "max": 130.806744,
            "p(90)": 49.912765,
            "p(95)": 66.827335,
            "avg": 27.5764826223429,
            "min": 6.335032
        },
        "iteration_duration": {
            "med": 222.420746,
            "max": 396.566766,
            "p(90)": 250.576418,
            "p(95)": 269.8626145,
            "avg": 229.69785063003172,
            "min": 207.040626
        },
        "checks": {
            "passes": 1808,
            "fails": 403,
            "value": 0.8177295341474446
        },
        "http_req_tls_handshaking": {
            "med": 0,
            "max": 0,
            "p(90)": 0,
            "p(95)": 0,
            "avg": 0,
            "min": 0
        },
        "write_like_duration": {
            "med": 23.276806,
            "max": 130.806744,
            "p(90)": 65.197008,
            "p(95)": 90.9959455,
            "avg": 33.083468569757,
            "min": 12.344297
        },
        "http_req_receiving": {
            "max": 43.785006,
            "p(90)": 1.057688,
            "p(95)": 1.4981125,
            "avg": 0.6676909357756661,
            "min": 0.021239,
            "med": 0.341796
        },
        "write_success_rate": {
            "passes": 1808,
            "fails": 403,
            "value": 0.8177295341474446
        },
        "data_sent": {
            "count": 689810,
            "rate": 131789.33942952048
        },
        "http_reqs": {
            "count": 2211,
            "rate": 422.4152005315519
        },
        "http_req_failed": {
            "passes": 0,
            "fails": 2211,
            "value": 0
        },
        "vus": {
            "value": 100,
            "min": 100,
            "max": 100
        },
        "http_req_blocked": {
            "avg": 1.3296803582089634,
            "min": 0.002275,
            "med": 0.007621,
            "max": 84.366725,
            "p(90)": 0.011106,
            "p(95)": 0.051835
        },
        "data_received": {
            "count": 579410,
            "rate": 110697.23715060446
        },
        "vus_max": {
            "value": 100,
            "min": 100,
            "max": 100
        }
    }
}