{
    "root_group": {
        "name": "",
        "path": "",
        "id": "d41d8cd98f00b204e9800998ecf8427e",
        "groups": {},
        "checks": {
                "write status is 200": {
                    "passes": 163,
                    "fails": 29,
                    "name": "write status is 200",
                    "path": "::write status is 200",
                    "id": "f9c6e6e62c2d97074ac25d0677d8528b"
                }
            }
    },
    "metrics": {
        "http_req_failed": {
            "passes": 0,
            "fails": 192,
            "value": 0
        },
        "write_like_duration": {
            "p(90)": 179.03215509999902,
            "p(95)": 497.7110132999998,
            "avg": 84.19241431632653,
            "min": 14.860509,
            "med": 36.565133,
            "max": 562.165807
        },
        "vus": {
            "max": 10,
            "value": 10,
            "min": 10
        },
        "http_req_blocked": {
            "avg": 0.8352868333333334,
            "min": 0.004259,
            "med": 0.0080085,
            "max": 23.351878,
            "p(90)": 0.0117749,
            "p(95)": 4.620552699999886
        },
        "http_req_sending": {
            "min": 0.01187,
            "med": 0.027540500000000002,
            "max": 4.17986,
            "p(90)": 0.07596270000000001,
            "p(95)": 0.09960844999999992,
            "avg": 0.07345505729166667
        },
        "vus_max": {
            "value": 10,
            "min": 10,
            "max": 10
        },
        "data_received": {
            "count": 50172,
            "rate": 9613.406007573576
        },
        "write_success_rate": {
            "passes": 163,
            "fails": 29,
            "value": 0.8489583333333334
        },
        "http_req_duration": {
            "avg": 65.85039864062499,
            "min": 7.238382,
            "med": 34.240545999999995,
            "max": 562.165807,
            "p(90)": 88.23759510000005,
            "p(95)": 383.6835528999992
        },
        "write_favorite_duration": {
            "avg": 46.72787165957449,
            "min": 7.238382,
            "med": 33.463291,
            "max": 352.923478,
            "p(90)": 86.42753330000002,
            "p(95)": 107.71874764999993
        },
        "iterations": {
            "count": 192,
            "rate": 36.788925166509735
        },
        "http_reqs": {
            "count": 192,
            "rate": 36.788925166509735
        },
        "data_sent": {
            "count": 59896,
            "rate": 11476.611780069099
        },
        "http_req_tls_handshaking": {
            "avg": 0,
            "min": 0,
            "med": 0,
            "max": 0,
            "p(90)": 0,
            "p(95)": 0
        },
        "checks": {
            "passes": 163,
            "fails": 29,
            "value": 0.8489583333333334
        },
        "http_req_receiving": {
            "avg": 1.1692344531249999,
            "min": 0.048882,
            "med": 0.3568215,
            "max": 42.070658,
            "p(90)": 1.2816403,
            "p(95)": 2.192859649999998
        },
        "iteration_duration": {
            "p(90)": 288.7428082,
            "p(95)": 595.078392149999,
            "avg": 267.7938211458334,
            "min": 207.647087,
            "med": 235.000064,
            "max": 786.513766
        },
        "http_req_duration{expected_response:true}": {
            "avg": 65.85039864062499,
            "min": 7.238382,
            "med": 34.240545999999995,
            "max": 562.165807,
            "p(90)": 88.23759510000005,
            "p(95)": 383.6835528999992
        },
        "http_req_connecting": {
            "avg": 0.6122382083333334,
            "min": 0,
            "med": 0,
            "max": 18.452998,
            "p(90)": 0,
            "p(95)": 2.4798617999999375
        },
        "http_req_waiting": {
            "p(90)": 79.56487770000003,
            "p(95)": 383.2394217999992,
            "avg": 64.60770913020839,
            "min": 6.83732,
            "med": 33.472947000000005,
            "max": 561.725592
        }
    }
}