{
    "root_group": {
        "id": "d41d8cd98f00b204e9800998ecf8427e",
        "groups": {},
        "checks": {
                "write status is 200": {
                    "passes": 314,
                    "fails": 57,
                    "name": "write status is 200",
                    "path": "::write status is 200",
                    "id": "f9c6e6e62c2d97074ac25d0677d8528b"
                }
            },
        "name": "",
        "path": ""
    },
    "metrics": {
        "http_req_failed": {
            "passes": 0,
            "fails": 371,
            "value": 0
        },
        "iteration_duration": {
            "min": 208.014199,
            "med": 236.030448,
            "max": 873.355735,
            "p(90)": 285.115809,
            "p(95)": 739.1517825000001,
            "avg": 274.8285040673854
        },
        "data_received": {
            "count": 96946,
            "rate": 18653.675311744297
        },
        "http_req_duration": {
            "med": 34.110242,
            "max": 659.992905,
            "p(90)": 84.643218,
            "p(95)": 518.1462254999999,
            "avg": 72.87705012129373,
            "min": 7.403799
        },
        "http_req_duration{expected_response:true}": {
            "avg": 72.87705012129373,
            "min": 7.403799,
            "med": 34.110242,
            "max": 659.992905,
            "p(90)": 84.643218,
            "p(95)": 518.1462254999999
        },
        "http_req_waiting": {
            "med": 33.565568,
            "max": 659.309003,
            "p(90)": 84.40603,
            "p(95)": 517.128304,
            "avg": 72.07596392991911,
            "min": 7.181159
        },
        "write_like_duration": {
            "min": 14.617387,
            "med": 35.0161,
            "max": 659.992905,
            "p(90)": 428.35100400000476,
            "p(95)": 592.3670467999998,
            "avg": 94.19064599481858
        },
        "http_req_tls_handshaking": {
            "max": 0,
            "p(90)": 0,
            "p(95)": 0,
            "avg": 0,
            "min": 0,
            "med": 0
        },
        "data_sent": {
            "count": 115722,
            "rate": 22266.422693310433
        },
        "http_reqs": {
            "count": 371,
            "rate": 71.38524065621205
        },
        "http_req_blocked": {
            "med": 0.008276,
            "max": 26.463795,
            "p(90)": 0.011578,
            "p(95)": 7.083952,
            "avg": 0.8606768625336928,
            "min": 0.003624
        },
        "http_req_connecting": {
            "avg": 0.634964681940701,
            "min": 0,
            "med": 0,
            "max": 21.277287,
            "p(90)": 0,
            "p(95)": 4.4728945
        },
        "http_req_receiving": {
            "avg": 0.7412705660377357,
            "min": 0.044334,
            "med": 0.356584,
            "max": 40.385619,
            "p(90)": 1.438617,
            "p(95)": 2.2156865
        },
        "http_req_sending": {
            "max": 2.756021,
            "p(90)": 0.069278,
            "p(95)": 0.10144449999999999,
            "avg": 0.059815625336927226,
            "min": 0.011508,
            "med": 0.027021
        },
        "vus_max": {
            "value": 20,
            "min": 20,
            "max": 20
        },
        "write_favorite_duration": {
            "avg": 49.76736470786517,
            "min": 7.403799,
            "med": 32.077975,
            "max": 447.578669,
            "p(90)": 77.54861990000002,
            "p(95)": 130.58632445000006
        },
        "vus": {
            "min": 20,
            "max": 20,
            "value": 20
        },
        "write_success_rate": {
            "passes": 314,
            "fails": 57,
            "value": 0.8463611859838275
        },
        "iterations": {
            "count": 371,
            "rate": 71.38524065621205
        },
        "checks": {
            "fails": 57,
            "passes": 314,
            "value": 0.8463611859838275
        }
    }
}