{
    "root_group": {
        "path": "",
        "id": "d41d8cd98f00b204e9800998ecf8427e",
        "groups": {},
        "checks": {
                "write status is 200": {
                    "name": "write status is 200",
                    "path": "::write status is 200",
                    "id": "f9c6e6e62c2d97074ac25d0677d8528b",
                    "passes": 841,
                    "fails": 0
                }
            },
        "name": ""
    },
    "metrics": {
        "http_req_waiting": {
            "p(90)": 125.822595,
            "p(95)": 132.506113,
            "avg": 39.344820954815674,
            "min": 6.475945,
            "med": 15.683629,
            "max": 188.854122
        },
        "iteration_duration": {
            "avg": 240.68126189060675,
            "min": 207.304728,
            "med": 216.75538,
            "max": 390.457388,
            "p(90)": 326.606756,
            "p(95)": 333.846064
        },
        "http_req_blocked": {
            "med": 0.006201,
            "max": 9.045726,
            "p(90)": 0.00913,
            "p(95)": 0.010997,
            "avg": 0.17296112722948886,
            "min": 0.002999
        },
        "http_req_tls_handshaking": {
            "max": 0,
            "p(90)": 0,
            "p(95)": 0,
            "avg": 0,
            "min": 0,
            "med": 0
        },
        "write_favorite_duration": {
            "p(90)": 123.48796660000002,
            "p(95)": 129.06646464999997,
            "avg": 37.12611080243903,
            "min": 6.995693,
            "med": 15.720091,
            "max": 140.363841
        },
        "http_reqs": {
            "count": 841,
            "rate": 81.92748199101874
        },
        "write_success_rate": {
            "passes": 841,
            "fails": 0,
            "value": 1
        },
        "http_req_connecting": {
            "med": 0,
            "max": 8.756378,
            "p(90)": 0,
            "p(95)": 0,
            "avg": 0.15838915457788347,
            "min": 0
        },
        "vus": {
            "value": 20,
            "min": 20,
            "max": 20
        },
        "vus_max": {
            "min": 20,
            "max": 20,
            "value": 20
        },
        "write_like_duration": {
            "avg": 41.973278730858475,
            "min": 6.727415,
            "med": 16.194698,
            "max": 189.334583,
            "p(90)": 130.556444,
            "p(95)": 138.731204
        },
        "data_sent": {
            "rate": 24828.508213518377,
            "count": 254869
        },
        "http_req_duration{expected_response:true}": {
            "min": 6.727415,
            "med": 15.874539,
            "max": 189.334583,
            "p(90)": 125.894477,
            "p(95)": 132.686365,
            "avg": 39.61021232104638
        },
        "http_req_receiving": {
            "avg": 0.23411315695600496,
            "min": 0.030234,
            "med": 0.156283,
            "max": 2.902335,
            "p(90)": 0.455921,
            "p(95)": 0.600847
        },
        "http_req_failed": {
            "passes": 0,
            "fails": 841,
            "value": 0
        },
        "http_req_duration": {
            "avg": 39.61021232104638,
            "min": 6.727415,
            "med": 15.874539,
            "max": 189.334583,
            "p(90)": 125.894477,
            "p(95)": 132.686365
        },
        "checks": {
            "passes": 841,
            "fails": 0,
            "value": 1
        },
        "data_received": {
            "count": 219441,
            "rate": 21377.22779499541
        },
        "http_req_sending": {
            "avg": 0.03127820927467298,
            "min": 0.007192,
            "med": 0.020652,
            "max": 0.866722,
            "p(90)": 0.051895,
            "p(95)": 0.060779
        },
        "iterations": {
            "count": 841,
            "rate": 81.92748199101874
        }
    }
}