{
    "root_group": {
        "path": "",
        "id": "d41d8cd98f00b204e9800998ecf8427e",
        "groups": {},
        "checks": {
                "write status is 200": {
                    "passes": 793,
                    "fails": 152,
                    "name": "write status is 200",
                    "path": "::write status is 200",
                    "id": "f9c6e6e62c2d97074ac25d0677d8528b"
                }
            },
        "name": ""
    },
    "metrics": {
        "http_req_sending": {
            "p(90)": 0.0698782,
            "p(95)": 0.09164299999999999,
            "avg": 0.04255945820105818,
            "min": 0.009463,
            "med": 0.026137,
            "max": 3.575673
        },
        "http_req_waiting": {
            "avg": 65.9282546455027,
            "min": 7.147565,
            "med": 35.770239,
            "max": 481.602122,
            "p(90)": 81.845748,
            "p(95)": 382.2506261999996
        },
        "http_req_duration{expected_response:true}": {
            "med": 37.208682,
            "max": 481.777704,
            "p(90)": 84.0513998,
            "p(95)": 382.3789109999996,
            "avg": 67.03766355978833,
            "min": 7.38399
        },
        "http_req_connecting": {
            "min": 0,
            "med": 0,
            "max": 49.037317,
            "p(90)": 0,
            "p(95)": 17.516530999999983,
            "avg": 1.7360845132275131
        },
        "checks": {
            "passes": 793,
            "fails": 152,
            "value": 0.8391534391534392
        },
        "iterations": {
            "count": 945,
            "rate": 181.02248658569928
        },
        "http_req_failed": {
            "passes": 0,
            "fails": 945,
            "value": 0
        },
        "vus_max": {
            "max": 50,
            "value": 50,
            "min": 50
        },
        "write_like_duration": {
            "avg": 78.22956713417187,
            "min": 14.08164,
            "med": 40.042361,
            "max": 472.94643,
            "p(90)": 325.7777678000003,
            "p(95)": 421.07781900000003
        },
        "vus": {
            "max": 50,
            "value": 50,
            "min": 50
        },
        "iteration_duration": {
            "med": 238.445591,
            "max": 722.885668,
            "p(90)": 285.98560180000004,
            "p(95)": 610.5600122,
            "avg": 270.50159206137585,
            "min": 207.938964
        },
        "http_req_tls_handshaking": {
            "avg": 0,
            "min": 0,
            "med": 0,
            "max": 0,
            "p(90)": 0,
            "p(95)": 0
        },
        "http_reqs": {
            "count": 945,
            "rate": 181.02248658569928
        },
        "data_received": {
            "count": 246917,
            "rate": 47298.9728256943
        },
        "data_sent": {
            "count": 294822,
            "rate": 56475.56776737464
        },
        "http_req_duration": {
            "p(90)": 84.0513998,
            "p(95)": 382.3789109999996,
            "avg": 67.03766355978833,
            "min": 7.38399,
            "med": 37.208682,
            "max": 481.777704
        },
        "http_req_receiving": {
            "p(90)": 1.4307816,
            "p(95)": 2.4693957999999996,
            "avg": 1.0668494560846555,
            "min": 0.038065,
            "med": 0.36667,
            "max": 46.195583
        },
        "write_success_rate": {
            "passes": 793,
            "fails": 152,
            "value": 0.8391534391534392
        },
        "write_favorite_duration": {
            "max": 481.777704,
            "p(90)": 79.794635,
            "p(95)": 314.46243115,
            "avg": 55.63053107051283,
            "min": 7.38399,
            "med": 32.731446500000004
        },
        "http_req_blocked": {
            "avg": 2.3008843481481525,
            "min": 0.003201,
            "med": 0.008164,
            "max": 65.644153,
            "p(90)": 0.011767600000000001,
            "p(95)": 18.799915399999968
        }
    }
}